gtap12,year,rd_stock
ago,2004,12.987412252176233
ago,2005,13.41333281412107
ago,2006,13.918504750765742
ago,2007,14.478035543250405
ago,2008,15.133731488510326
ago,2009,15.894882952062327
ago,2010,16.82553490953182
ago,2011,17.972232449404828
ago,2012,19.307614256422998
ago,2013,20.712795373737574
ago,2014,22.135775570093013
ago,2015,23.591462294858992
ago,2016,25.058515062813385
ago,2017,26.53427912932461
ago,2018,27.99786324579417
ago,2019,29.360605952909548
ago,2020,30.548178385057028
ago,2021,31.569672237459635
ago,2022,32.51378785913755
alb,2004,0
alb,2005,0
alb,2006,0
alb,2007,0
alb,2008,0
alb,2009,0
alb,2010,0
alb,2011,0
alb,2012,0
alb,2013,0
alb,2014,0
alb,2015,0
alb,2016,0
alb,2017,0
alb,2018,0
alb,2019,0
alb,2020,0
alb,2021,0
alb,2022,0
are,2004,8.739072092870236
are,2005,9.147252925813207
are,2006,9.408537205785844
are,2007,9.492365278380895
are,2008,9.398357801936356
are,2009,9.152468760880753
are,2010,8.81049842858207
are,2011,8.427944137544666
are,2012,8.029398292008382
are,2013,7.630703358646807
are,2014,7.260769448748966
are,2015,6.947805042946659
are,2016,6.729637481531225
are,2017,6.638423491702865
are,2018,6.672314484681341
are,2019,6.798176416777992
are,2020,6.979188994922832
are,2021,7.215314472195479
are,2022,7.5105871800171675
arg,2004,523.0298708966787
arg,2005,527.9498841595718
arg,2006,529.7679264489267
arg,2007,528.6266669539147
arg,2008,524.7869268239748
arg,2009,518.8346524649245
arg,2010,512.9224389995295
arg,2011,508.61281079552
arg,2012,509.3838652457537
arg,2013,516.0781367155438
arg,2014,529.3066875769507
arg,2015,548.6249353846578
arg,2016,571.9312932497354
arg,2017,597.9698138195191
arg,2018,625.4468589449765
arg,2019,652.2155909347929
arg,2020,677.5508755568399
arg,2021,700.2538132250892
arg,2022,718.6949874365051
arm,2004,0
arm,2005,0
arm,2006,0
arm,2007,0
arm,2008,0
arm,2009,0
arm,2010,0
arm,2011,0
arm,2012,0
arm,2013,0.004871734359064894
arm,2014,0.03697259434568104
arm,2015,0.11087995102664548
arm,2016,0.23077936191600507
arm,2017,0.36968487934684996
arm,2018,0.5113831495893866
arm,2019,0.6779433448018195
arm,2020,0.8678591189456865
arm,2021,1.0515273398338545
arm,2022,1.2056727927025577
aus,2004,627.2666430573734
aus,2005,634.2033040932502
aus,2006,641.3211749547473
aus,2007,648.203817321383
aus,2008,654.4893577666264
aus,2009,659.8991021674593
aus,2010,664.1955349375556
aus,2011,667.2290028219952
aus,2012,669.1604077934277
aus,2013,670.5021763968058
aus,2014,671.8726296239671
aus,2015,674.1467994060589
aus,2016,677.5885572392626
aus,2017,682.4188343856111
aus,2018,688.721089936697
aus,2019,696.4728504767022
aus,2020,705.6022336897084
aus,2021,715.6611016745164
aus,2022,726.0638229256512
aut,2004,120.55478249388315
aut,2005,125.8743263677475
aut,2006,131.22316155777577
aut,2007,136.37536164691528
aut,2008,141.1590378269972
aut,2009,145.48127810285175
aut,2010,149.36005324104948
aut,2011,152.91990498607504
aut,2012,156.3648010431291
aut,2013,159.86650746157434
aut,2014,163.50751832369116
aut,2015,167.24220802507483
aut,2016,170.89044869537588
aut,2017,174.25714082659985
aut,2018,177.14900618495383
aut,2019,179.40496732591882
aut,2020,180.91804345100314
aut,2021,181.68166204615932
aut,2022,181.77867196352665
aze,2004,0
aze,2005,0
aze,2006,0
aze,2007,0
aze,2008,0
aze,2009,0
aze,2010,0
aze,2011,0
aze,2012,0
aze,2013,0.1424357810219787
aze,2014,1.0611258037570768
aze,2015,2.961302137865841
aze,2016,5.415293424381562
aze,2017,7.687135309242276
aze,2018,9.214873861828625
aze,2019,10.402766784324688
aze,2020,11.764221633510136
aze,2021,13.376130670398151
aze,2022,14.966555459697297
bdi,2004,13.103188480812527
bdi,2005,12.077944396393061
bdi,2006,11.551838143492208
bdi,2007,11.503809236420143
bdi,2008,11.952799480490608
bdi,2009,12.853688183215416
bdi,2010,14.00094900701795
bdi,2011,15.096354518155225
bdi,2012,16.00114965265
bdi,2013,16.573873601849844
bdi,2014,16.84252860818421
bdi,2015,16.93422083046683
bdi,2016,16.85939711940968
bdi,2017,16.55242973182563
bdi,2018,15.989276466311901
bdi,2019,15.116395409276375
bdi,2020,13.98799516584115
bdi,2021,12.72024995397341
bdi,2022,11.44472682643065
bel,2004,188.8518434814411
bel,2005,196.1061340134074
bel,2006,204.17495890206908
bel,2007,212.88031274605757
bel,2008,221.8700029391411
bel,2009,230.70390198966487
bel,2010,239.0847629507529
bel,2011,246.93374824637235
bel,2012,254.40277334065928
bel,2013,261.73485895779777
bel,2014,269.2410446976459
bel,2015,276.93904744312545
bel,2016,285.1535143963842
bel,2017,293.79211804961227
bel,2018,302.7344079580987
bel,2019,311.75894338128023
bel,2020,320.54895216394414
bel,2021,328.8678136885261
bel,2022,336.5046016665875
ben,2004,23.540927832049377
ben,2005,22.75098069283399
ben,2006,22.373202332010855
ben,2007,22.36552162418579
ben,2008,22.58745721463009
ben,2009,22.99572892742778
ben,2010,23.472357149333163
ben,2011,24.005064501291614
ben,2012,24.641137676355836
ben,2013,25.28265912253845
ben,2014,25.759602238154677
ben,2015,26.069779468942226
ben,2016,26.266287243527668
ben,2017,26.55968626678059
ben,2018,27.48617626748551
ben,2019,29.583983377417606
ben,2020,32.676868786742446
ben,2021,36.165556599082684
ben,2022,39.5295396655063
bfa,2004,29.988006248503037
bfa,2005,30.424606190740747
bfa,2006,30.932163418858885
bfa,2007,31.121341435677056
bfa,2008,30.9356086839362
bfa,2009,30.30130367337176
bfa,2010,29.46823724871515
bfa,2011,28.69064779975187
bfa,2012,28.266150213373745
bfa,2013,28.22313659786763
bfa,2014,28.84995025103853
bfa,2015,30.374498740763954
bfa,2016,32.664118642303606
bfa,2017,35.30398351297173
bfa,2018,37.657949542773665
bfa,2019,39.64491790470498
bfa,2020,40.93111683439127
bfa,2021,41.47114989777729
bfa,2022,41.296755201094804
bgd,2004,209.99906707170217
bgd,2005,212.65938189778376
bgd,2006,212.68282108046435
bgd,2007,213.180231715082
bgd,2008,216.32706814067512
bgd,2009,222.26075231970455
bgd,2010,230.57790790223314
bgd,2011,241.26424856200785
bgd,2012,254.5802567481225
bgd,2013,269.61686611208285
bgd,2014,285.1330188846059
bgd,2015,300.078124257165
bgd,2016,313.5560573636002
bgd,2017,324.71370926041027
bgd,2018,332.69019011359507
bgd,2019,337.75077761144814
bgd,2020,340.6715045405399
bgd,2021,342.432164918859
bgd,2022,343.9156827875428
bgr,2004,126.85260414967321
bgr,2005,120.02328432814862
bgr,2006,113.78797000970327
bgr,2007,108.08381203266018
bgr,2008,102.99342870339895
bgr,2009,97.851338858267
bgr,2010,92.85043014070746
bgr,2011,87.46854393636868
bgr,2012,81.29539371954097
bgr,2013,74.86298519506398
bgr,2014,69.01865718459929
bgr,2015,63.86707421588914
bgr,2016,59.61755307604847
bgr,2017,56.35603817497457
bgr,2018,54.39655900043117
bgr,2019,53.65387990017491
bgr,2020,54.521880790875834
bgr,2021,56.985924863951794
bgr,2022,60.41929933492325
bhr,2004,0
bhr,2005,0
bhr,2006,0
bhr,2007,0
bhr,2008,0
bhr,2009,0
bhr,2010,0
bhr,2011,0
bhr,2012,0
bhr,2013,0
bhr,2014,0
bhr,2015,0
bhr,2016,0
bhr,2017,0
bhr,2018,0
bhr,2019,0
bhr,2020,0
bhr,2021,0
bhr,2022,0
blr,2004,0
blr,2005,0
blr,2006,0
blr,2007,0
blr,2008,0
blr,2009,0
blr,2010,0
blr,2011,0
blr,2012,0.07190931015512439
blr,2013,0.5384467171983576
blr,2014,1.4936244675472172
blr,2015,2.637949482559605
blr,2016,3.6355919443534677
blr,2017,4.362824545367032
blr,2018,4.903641942176867
blr,2019,5.422829213565649
blr,2020,5.987856265600507
blr,2021,6.560596984111826
blr,2022,7.073134893034204
bol,2004,12.966300368860578
bol,2005,12.8680527321211
bol,2006,12.974381173566554
bol,2007,13.350979918011344
bol,2008,14.034841905268923
bol,2009,15.068370456088653
bol,2010,16.48644420265323
bol,2011,18.321096175099612
bol,2012,20.604626046195456
bol,2013,23.373929871564016
bol,2014,26.636115156478724
bol,2015,30.35339483582251
bol,2016,34.431782719580454
bol,2017,38.73762872067527
bol,2018,43.18861188924566
bol,2019,47.59766344324155
bol,2020,51.87579947919982
bol,2021,55.92728366107481
bol,2022,59.63228024606893
bra,2004,1814.734945063006
bra,2005,1834.5190877791454
bra,2006,1847.7660778202096
bra,2007,1854.9200359409874
bra,2008,1854.7092439197932
bra,2009,1851.2107498666196
bra,2010,1844.7409513318173
bra,2011,1836.8650283184072
bra,2012,1830.4565775880885
bra,2013,1828.0893330441345
bra,2014,1834.143868878085
bra,2015,1850.888484334025
bra,2016,1880.6169393707592
bra,2017,1922.6148893823236
bra,2018,1978.6378334001752
bra,2019,2044.3882414264558
bra,2020,2118.6182876710104
bra,2021,2198.922101570754
bra,2022,2280.905513686633
brn,2004,5.166999601410348
brn,2005,5.28175436792416
brn,2006,5.399057742422003
brn,2007,5.518966327368887
brn,2008,5.641537982323523
brn,2009,5.76683185185733
brn,2010,5.894908394093501
brn,2011,6.025829409879891
brn,2012,6.1596580726098225
brn,2013,6.296458958705173
brn,2014,6.436298078776479
brn,2015,6.579242909475072
brn,2016,6.72536242605262
brn,2017,6.874727135643807
brn,2018,7.027409111288172
brn,2019,7.182969091167522
brn,2020,7.341172998795851
brn,2021,7.515649462692484
brn,2022,7.715994702397842
bwa,2004,20.201649613587207
bwa,2005,21.12746844094133
bwa,2006,22.08304735710144
bwa,2007,23.267369709025722
bwa,2008,24.681552649585626
bwa,2009,26.078891852232008
bwa,2010,27.139377768890782
bwa,2011,27.633477251840006
bwa,2012,27.450000122360354
bwa,2013,26.62939899994342
bwa,2014,25.389997193456
bwa,2015,23.975373074641023
bwa,2016,22.61473036469655
bwa,2017,21.396984373556702
bwa,2018,20.395045198340895
bwa,2019,19.594730454267356
bwa,2020,19.003926157444823
bwa,2021,18.54934479152635
bwa,2022,18.233725518832472
can,2004,891.8338442281702
can,2005,883.4512191780863
can,2006,875.6319409712793
can,2007,868.0928213046584
can,2008,860.8201321835949
can,2009,853.736102487109
can,2010,847.4271817736202
can,2011,842.3309619265226
can,2012,839.1046372028441
can,2013,838.0718962591301
can,2014,838.1687439514353
can,2015,839.0556728983784
can,2016,840.4205427786679
can,2017,841.8102035681693
can,2018,843.3567977120784
can,2019,844.4505481027827
can,2020,845.2648707039187
can,2021,845.8772374482622
can,2022,846.4543433331663
che,2004,114.91341358590157
che,2005,115.04998675605509
che,2006,115.79984840056227
che,2007,117.07676224775966
che,2008,118.74256270980563
che,2009,120.6240550632754
che,2010,122.59087583759536
che,2011,124.50464398023135
che,2012,126.34869084055019
che,2013,128.32060232716893
che,2014,130.63354431313638
che,2015,133.45914800053856
che,2016,137.17321308080093
che,2017,141.90105520642769
che,2018,147.7700822135822
che,2019,154.78829804718123
che,2020,162.76247237009764
che,2021,171.40073878425804
che,2022,180.45639373782942
chl,2004,138.46461380533634
chl,2005,145.69221560411546
chl,2006,153.13049181767707
chl,2007,160.27247960600874
chl,2008,166.81103825462645
chl,2009,172.30222191072698
chl,2010,176.46331659193606
chl,2011,179.40941017450314
chl,2012,181.05861467862925
chl,2013,181.90299161152677
chl,2014,182.52400424275967
chl,2015,183.1068017195588
chl,2016,184.11657021311916
chl,2017,185.54268856199548
chl,2018,187.23281089429818
chl,2019,189.14254052705556
chl,2020,191.05428882208412
chl,2021,193.04438488457797
chl,2022,194.85045967715513
chn,2004,783.2944047880615
chn,2005,865.6825130041493
chn,2006,968.0572388270455
chn,2007,1090.8857476410037
chn,2008,1237.4161607789524
chn,2009,1415.2238180828044
chn,2010,1637.2823605835501
chn,2011,1912.7680678387496
chn,2012,2231.895103795341
chn,2013,2577.8693422108654
chn,2014,2936.075142138703
chn,2015,3294.344564247117
chn,2016,3656.386040974364
chn,2017,4030.42712606193
chn,2018,4420.2178230868485
chn,2019,4823.733883881803
chn,2020,5238.210272121152
chn,2021,5655.7805980141975
chn,2022,6062.18813036662
civ,2004,77.75553312751546
civ,2005,75.33229668416577
civ,2006,73.4906985900234
civ,2007,72.40143840610217
civ,2008,72.38683159737167
civ,2009,72.99950937447298
civ,2010,73.91253404071189
civ,2011,74.88105398281762
civ,2012,75.89430960303856
civ,2013,76.8951136521562
civ,2014,77.97115277603206
civ,2015,79.44196162993396
civ,2016,81.16936720465199
civ,2017,83.21371610524004
civ,2018,85.87043775655191
civ,2019,89.46611632466119
civ,2020,93.95508756512095
civ,2021,98.84058349173523
civ,2022,103.45879616831746
cmr,2004,42.63244903148507
cmr,2005,41.48662799410592
cmr,2006,40.37160288516923
cmr,2007,39.286546010665475
cmr,2008,38.238987378450155
cmr,2009,37.28269285095796
cmr,2010,36.47099451647109
cmr,2011,35.72751223993647
cmr,2012,35.005233517921525
cmr,2013,34.53872679870422
cmr,2014,34.50303066673187
cmr,2015,34.991386136708215
cmr,2016,35.78487616444176
cmr,2017,36.707373930893546
cmr,2018,37.73546841426962
cmr,2019,38.661904074677665
cmr,2020,39.19934305769772
cmr,2021,39.23723683991043
cmr,2022,38.88004613540564
col,2004,230.46863249629942
col,2005,229.82532525926874
col,2006,230.4853272698994
col,2007,231.94650578534936
col,2008,233.76337986231476
col,2009,235.2795850016704
col,2010,235.95551797309002
col,2011,235.67396355782526
col,2012,234.50987578763466
col,2013,231.96410414924895
col,2014,229.18483808183464
col,2015,225.68669741557233
col,2016,222.6338910572988
col,2017,220.1970887776033
col,2018,218.83958020117387
col,2019,219.08765078178556
col,2020,221.04914441729525
col,2021,224.77247752923734
col,2022,230.18646511669937
cri,2004,39.034534204964004
cri,2005,38.98008257999316
cri,2006,38.90220224201663
cri,2007,38.84523646134888
cri,2008,38.77100577760777
cri,2009,38.64414270748075
cri,2010,38.57822170451197
cri,2011,38.53399193962721
cri,2012,38.58289730952975
cri,2013,38.729355660362124
cri,2014,38.921255971254006
cri,2015,39.1518135813552
cri,2016,39.44049892088835
cri,2017,39.83291313286459
cri,2018,40.24410592283312
cri,2019,40.62650746293765
cri,2020,40.98440677046906
cri,2021,41.23534703508063
cri,2022,41.299971157752054
cyp,2004,13.345550966181683
cyp,2005,13.455283321954752
cyp,2006,13.91614087945638
cyp,2007,14.68673933145245
cyp,2008,15.519694336602672
cyp,2009,16.131005481304648
cyp,2010,16.471876428096586
cyp,2011,16.610556096578772
cyp,2012,16.534906645116507
cyp,2013,16.186097091975334
cyp,2014,15.570368350763944
cyp,2015,14.772762292548459
cyp,2016,13.889862371864037
cyp,2017,12.965398923706754
cyp,2018,12.083781382590894
cyp,2019,11.38545291031561
cyp,2020,10.981113514767648
cyp,2021,10.863060724102663
cyp,2022,11.026013681572305
cze,2004,92.39065593669078
cze,2005,97.08874504322328
cze,2006,102.71287863517531
cze,2007,108.44918813905731
cze,2008,113.67738641447602
cze,2009,118.02085545353681
cze,2010,121.45898410948185
cze,2011,123.82128919916657
cze,2012,126.05440186849157
cze,2013,128.7709279397922
cze,2014,130.1601413219047
cze,2015,129.60801398331333
cze,2016,128.88518937393556
cze,2017,128.5031533035327
cze,2018,128.84020816509485
cze,2019,131.05583491743545
cze,2020,135.79014662592445
cze,2021,143.08282322554467
cze,2022,151.79426780965167
deu,2004,1001.0640250722333
deu,2005,1021.5352107704937
deu,2006,1039.4061018656544
deu,2007,1054.7185839655542
deu,2008,1067.5169735887503
deu,2009,1077.9524584194096
deu,2010,1086.571880767048
deu,2011,1094.3878588244195
deu,2012,1102.6558882068534
deu,2013,1112.754416992034
deu,2014,1125.7696347294388
deu,2015,1141.8100007613314
deu,2016,1160.3946717451709
deu,2017,1180.5929494073584
deu,2018,1202.786953245249
deu,2019,1226.5988634170678
deu,2020,1252.2589036837244
deu,2021,1279.3436624653875
deu,2022,1308.6260386875756
dnk,2004,175.2900434615067
dnk,2005,181.36009706202506
dnk,2006,187.06482544715712
dnk,2007,192.2464135537649
dnk,2008,196.79031079785491
dnk,2009,200.55327563491903
dnk,2010,203.61402389574485
dnk,2011,206.21038740164894
dnk,2012,208.59665428291856
dnk,2013,210.95185509629349
dnk,2014,213.26191301373842
dnk,2015,215.4266367960114
dnk,2016,217.33291574277547
dnk,2017,218.85887040343485
dnk,2018,219.91646769485308
dnk,2019,220.35068204981513
dnk,2020,219.8874408480143
dnk,2021,218.45865344949172
dnk,2022,216.22372081748838
dom,2004,15.558614009360682
dom,2005,16.092661134280792
dom,2006,16.642543694215522
dom,2007,17.207440649616537
dom,2008,17.780625694710743
dom,2009,18.37228152676742
dom,2010,19.003759089901866
dom,2011,19.680109109395776
dom,2012,20.392323934282583
dom,2013,21.113988624597404
dom,2014,21.80579366503475
dom,2015,22.425466365953664
dom,2016,22.936776377844726
dom,2017,23.313238510298316
dom,2018,23.537975684331585
dom,2019,23.603203207135984
dom,2020,23.5105969180557
dom,2021,23.27209353769099
dom,2022,22.910625335721615
ecu,2004,6.66143543090763
ecu,2005,6.058490871437486
ecu,2006,5.700265286508141
ecu,2007,5.754445079156538
ecu,2008,6.298591155817909
ecu,2009,7.268601039953366
ecu,2010,8.779296395158868
ecu,2011,10.921098394112759
ecu,2012,13.477002986603802
ecu,2013,16.159155649276663
ecu,2014,18.700274565987502
ecu,2015,20.908007176399753
ecu,2016,22.871365613950346
ecu,2017,24.718490836460948
ecu,2018,26.23126225500121
ecu,2019,27.1749616576336
ecu,2020,27.44152411177563
ecu,2021,27.076739118342488
ecu,2022,26.246144048835443
egy,2004,300.83606510270766
egy,2005,314.8326334693741
egy,2006,328.0237499727405
egy,2007,339.09699969374157
egy,2008,347.48405024473266
egy,2009,353.2630366422788
egy,2010,356.58783239613126
egy,2011,358.51457746436927
egy,2012,360.106643184322
egy,2013,363.10427227035495
egy,2014,368.97394823723926
egy,2015,377.7868663322875
egy,2016,388.54162417948976
egy,2017,400.2899027042519
egy,2018,412.8781572365501
egy,2019,424.82136094354087
egy,2020,433.85335107684114
egy,2021,441.0208241536802
egy,2022,448.80220803773324
esp,2004,436.35485958782664
esp,2005,449.0793387332455
esp,2006,461.93292056720355
esp,2007,474.973577237635
esp,2008,488.422957584917
esp,2009,502.52946325303844
esp,2010,517.4472576321697
esp,2011,533.939352920047
esp,2012,552.6305260558856
esp,2013,573.5853181823416
esp,2014,596.2142562624932
esp,2015,619.0807542244644
esp,2016,640.5225641218499
esp,2017,659.0079099940118
esp,2018,673.6889889205893
esp,2019,683.993810106124
esp,2020,690.2096211359283
esp,2021,693.0031145352639
esp,2022,693.0033760839141
est,2004,14.246101297157889
est,2005,14.707620415498521
est,2006,15.290803477219733
est,2007,15.802827158388009
est,2008,16.21457648834007
est,2009,16.479169053674024
est,2010,16.607272039804634
est,2011,16.89738134848091
est,2012,17.881239731770652
est,2013,19.22383572185434
est,2014,20.552222459261344
est,2015,21.173218929597926
est,2016,20.70226501430715
est,2017,19.31883908156928
est,2018,17.740627019582302
est,2019,16.643542360994758
est,2020,16.265499664676273
est,2021,16.555124282398587
est,2022,17.37762508883723
eth,2004,69.3829878992331
eth,2005,78.58821676834869
eth,2006,87.0859780312374
eth,2007,93.94524049016343
eth,2008,98.90891608025181
eth,2009,101.85712684499552
eth,2010,103.14905880809174
eth,2011,103.96807770008724
eth,2012,105.17240190178863
eth,2013,107.11311545599686
eth,2014,110.05123679395827
eth,2015,114.39014508189875
eth,2016,120.06894812690516
eth,2017,127.17602852420703
eth,2018,136.01175585917878
eth,2019,146.081927207415
eth,2020,156.62339080759693
eth,2021,167.1471075083772
eth,2022,177.35174978995383
fin,2004,136.67398061426263
fin,2005,138.40413061416618
fin,2006,139.94296102704357
fin,2007,141.56205200676104
fin,2008,143.3782316823396
fin,2009,145.56826066389786
fin,2010,148.14569146043888
fin,2011,151.1501866920894
fin,2012,154.6181981418738
fin,2013,158.59097303994253
fin,2014,163.0676109161824
fin,2015,167.92933767963308
fin,2016,172.9017472994704
fin,2017,177.60695552229888
fin,2018,181.62647008196416
fin,2019,184.53190172587443
fin,2020,186.11806414685324
fin,2021,186.33713448147915
fin,2022,185.34437913432612
fra,2004,1039.4966624303545
fra,2005,1062.4519166178386
fra,2006,1084.1723903282277
fra,2007,1104.108528699571
fra,2008,1122.9758815051448
fra,2009,1141.3536649291436
fra,2010,1159.8427070254058
fra,2011,1178.9643208554123
fra,2012,1199.4645887805689
fra,2013,1221.701402633691
fra,2014,1246.1203140713353
fra,2015,1272.3129661446094
fra,2016,1300.0055113180679
fra,2017,1328.5338610564233
fra,2018,1356.8542952756577
fra,2019,1384.162499163539
fra,2020,1409.6058858743797
fra,2021,1432.6677414729788
fra,2022,1452.786169909404
gbr,2004,769.6015725929992
gbr,2005,773.4591744618549
gbr,2006,775.5564820716442
gbr,2007,775.9272928554416
gbr,2008,774.8963049449335
gbr,2009,772.9659858192198
gbr,2010,770.3454235994385
gbr,2011,767.1519890509588
gbr,2012,763.4325387616043
gbr,2013,759.1524217094313
gbr,2014,753.751828025212
gbr,2015,746.9702184818223
gbr,2016,738.7838350401091
gbr,2017,729.0607184425128
gbr,2018,717.7024421912643
gbr,2019,704.9516951341925
gbr,2020,690.4801092912651
gbr,2021,674.8252419895366
gbr,2022,658.8349765296256
geo,2004,0
geo,2005,0
geo,2006,0
geo,2007,0
geo,2008,0
geo,2009,0
geo,2010,0
geo,2011,0
geo,2012,0
geo,2013,0
geo,2014,0
geo,2015,0
geo,2016,0
geo,2017,0
geo,2018,0
geo,2019,0
geo,2020,0
geo,2021,0
geo,2022,0
gha,2004,94.77610208027991
gha,2005,98.89042128990532
gha,2006,103.82213301645005
gha,2007,108.55742038521436
gha,2008,111.88412258926323
gha,2009,114.09897921604207
gha,2010,116.62171520024586
gha,2011,120.30715685274102
gha,2012,125.07395921181686
gha,2013,130.60304115183357
gha,2014,136.5753397218711
gha,2015,142.37048316327915
gha,2016,147.28387142981893
gha,2017,150.8582936887778
gha,2018,153.0658427925466
gha,2019,153.85265581176066
gha,2020,153.4326097682464
gha,2021,151.9492848315344
gha,2022,149.44504342591128
gin,2004,13.729549389872629
gin,2005,13.135834558393304
gin,2006,12.30508760997631
gin,2007,11.346214686619803
gin,2008,10.354067488040062
gin,2009,9.35862500149558
gin,2010,8.40309808892261
gin,2011,7.538277464389046
gin,2012,6.860259944539477
gin,2013,6.524072173180075
gin,2014,6.5818197533811436
gin,2015,6.9322086685465445
gin,2016,7.380455271397697
gin,2017,7.727181611067694
gin,2018,7.8647313799848275
gin,2019,7.817808972625852
gin,2020,7.667204393648293
gin,2021,7.4816013266686
gin,2022,7.326915844398434
grc,2004,114.94582455099442
grc,2005,112.162144685513
grc,2006,109.59571584893806
grc,2007,107.02457278601278
grc,2008,104.75484237932572
grc,2009,102.86792335502304
grc,2010,101.37805406167986
grc,2011,100.42336383538102
grc,2012,99.98781462581266
grc,2013,99.78699738275154
grc,2014,99.50840246861422
grc,2015,98.95167003971639
grc,2016,98.12444200142926
grc,2017,97.10736560236624
grc,2018,96.13339340794384
grc,2019,95.2121904905383
grc,2020,94.48099346727322
grc,2021,93.90618393058614
grc,2022,93.69939791201352
gtm,2004,26.61821708136521
gtm,2005,25.613232285793227
gtm,2006,24.58951935599028
gtm,2007,23.570425678029885
gtm,2008,22.57700918191438
gtm,2009,21.621264535207533
gtm,2010,20.697782224660916
gtm,2011,19.877992644611982
gtm,2012,19.09959575035418
gtm,2013,18.41364993695034
gtm,2014,17.859905582596664
gtm,2015,17.44929171279582
gtm,2016,17.198733345779708
gtm,2017,17.050240075749993
gtm,2018,16.948204498452256
gtm,2019,16.95007361161691
gtm,2020,17.062143090627313
gtm,2021,17.289866230848144
gtm,2022,17.592728951166624
hkg,2004,3.8474866444957567
hkg,2005,3.779148961887561
hkg,2006,3.7197620804179237
hkg,2007,3.670967810035848
hkg,2008,3.633156389556913
hkg,2009,3.604166924816127
hkg,2010,3.5836955235834322
hkg,2011,3.569958016707854
hkg,2012,3.559477578679548
hkg,2013,3.551771382404529
hkg,2014,3.5490636906902644
hkg,2015,3.5573195014894936
hkg,2016,3.579843299712764
hkg,2017,3.616728250591718
hkg,2018,3.663317942635187
hkg,2019,3.711992732941899
hkg,2020,3.759329703710412
hkg,2021,3.810974168040947
hkg,2022,3.866314273311428
hnd,2004,8.784155206408066
hnd,2005,9.006517568942973
hnd,2006,9.293944558501295
hnd,2007,9.62930621200364
hnd,2008,10.004048777287608
hnd,2009,10.395552054128022
hnd,2010,10.784384580299632
hnd,2011,11.143994189673549
hnd,2012,11.467059095393298
hnd,2013,11.750690895423432
hnd,2014,12.004708048062971
hnd,2015,12.244282654589407
hnd,2016,12.475629300430178
hnd,2017,12.711419646175488
hnd,2018,12.970366026581864
hnd,2019,13.264694403357918
hnd,2020,13.58781372247523
hnd,2021,13.924847617693112
hnd,2022,14.258332518547068
hrv,2004,26.697820248464783
hrv,2005,40.61248664561569
hrv,2006,50.88784767929229
hrv,2007,57.77600497729411
hrv,2008,62.18699854436585
hrv,2009,64.75181621895662
hrv,2010,65.92881646454714
hrv,2011,65.9306712196821
hrv,2012,65.03096218122285
hrv,2013,63.41369530961301
hrv,2014,61.48082078609333
hrv,2015,59.55521077291771
hrv,2016,58.58880272163526
hrv,2017,60.54634969570577
hrv,2018,62.72387269296014
hrv,2019,63.66202334885862
hrv,2020,63.58920378520615
hrv,2021,62.62467117275714
hrv,2022,61.33554436410935
hun,2004,150.61071324440908
hun,2005,164.01807561449547
hun,2006,173.9378263321297
hun,2007,180.33323851844827
hun,2008,182.95726755357015
hun,2009,181.87670182785408
hun,2010,177.80759846064913
hun,2011,171.06632439062244
hun,2012,162.3433610883508
hun,2013,152.9570013512411
hun,2014,144.03997067793395
hun,2015,136.70657025198577
hun,2016,130.8835736150291
hun,2017,125.60534727090514
hun,2018,121.15706013276697
hun,2019,118.04942931300724
hun,2020,115.35902599921948
hun,2021,112.45361628615933
hun,2022,109.17929073996612
idn,2004,571.5613782034047
idn,2005,622.182415462729
idn,2006,677.1453644534165
idn,2007,729.5446587351036
idn,2008,775.1292169050611
idn,2009,811.7447229279543
idn,2010,837.0676585625865
idn,2011,851.8388635609562
idn,2012,856.5739366658881
idn,2013,853.0211717578599
idn,2014,842.6319742841941
idn,2015,824.280451323133
idn,2016,798.2658542793338
idn,2017,771.3675344729035
idn,2018,745.8687352400215
idn,2019,721.1111668051631
idn,2020,698.2513695455353
idn,2021,679.0926543105995
idn,2022,663.76290977039
ind,2004,1395.0682232495528
ind,2005,1478.6400121585048
ind,2006,1558.1466300274208
ind,2007,1634.147209589525
ind,2008,1705.3561492905178
ind,2009,1772.7875808981457
ind,2010,1842.4670905921132
ind,2011,1923.2931487920343
ind,2012,2023.1092072795627
ind,2013,2144.655953320888
ind,2014,2282.0512541817984
ind,2015,2428.9215377570677
ind,2016,2586.764610450346
ind,2017,2759.295537242216
ind,2018,2944.666592307667
ind,2019,3135.1703814525918
ind,2020,3322.9399994376736
ind,2021,3503.3262156964083
ind,2022,3672.4214699489335
irl,2004,67.42691546018014
irl,2005,70.57334647099186
irl,2006,74.45732636559451
irl,2007,78.78484459882925
irl,2008,83.38282591143228
irl,2009,88.16326306863795
irl,2010,93.00223102043044
irl,2011,97.90701273574687
irl,2012,102.79741728361769
irl,2013,107.50433397959728
irl,2014,111.8875297613689
irl,2015,115.86841160841155
irl,2016,119.32816083433619
irl,2017,122.29187504099748
irl,2018,124.76733322569551
irl,2019,126.77259436995514
irl,2020,128.3861576268927
irl,2021,129.69554511163494
irl,2022,130.80609287643964
irn,2004,603.8428963123433
irn,2005,599.9654573380591
irn,2006,586.152863528241
irn,2007,563.3904769607977
irn,2008,535.5168749491118
irn,2009,503.2337459955467
irn,2010,469.4441210570709
irn,2011,438.5837971767292
irn,2012,407.95775366956616
irn,2013,380.03942428003955
irn,2014,357.1138493584992
irn,2015,341.4638309175047
irn,2016,333.16203653688694
irn,2017,332.24004054241146
irn,2018,337.38558144121095
irn,2019,347.6733613901256
irn,2020,363.04533652431957
irn,2021,381.9723916345323
irn,2022,402.49148632189065
isr,2004,106.56275784438337
isr,2005,106.14319760126313
isr,2006,105.73670923116526
isr,2007,105.2937871955598
isr,2008,104.77521404911865
isr,2009,104.2384513041213
isr,2010,103.69743856171273
isr,2011,103.1727411126892
isr,2012,102.91556294124177
isr,2013,102.83200315604361
isr,2014,102.8972988047224
isr,2015,103.35918149530286
isr,2016,105.10570385753253
isr,2017,108.94175669336096
isr,2018,114.98253024491649
isr,2019,122.39311648289308
isr,2020,130.35487502389577
isr,2021,138.20539030372248
isr,2022,145.11461885040853
ita,2004,639.2643761300552
ita,2005,634.4561372829745
ita,2006,630.5362790646121
ita,2007,627.3579856153492
ita,2008,625.3720874760606
ita,2009,624.2936152267202
ita,2010,624.5354853276258
ita,2011,625.6042054618191
ita,2012,627.7833222552373
ita,2013,631.5837585719639
ita,2014,637.2389294216204
ita,2015,644.7429140121795
ita,2016,654.699481666206
ita,2017,665.5820398254427
ita,2018,676.6286435121071
ita,2019,687.2144416101343
ita,2020,697.2048196389944
ita,2021,706.9226317262728
ita,2022,716.853952926489
jam,2004,8.130026350530853
jam,2005,8.3417063997459
jam,2006,8.566778088063769
jam,2007,8.812921622187954
jam,2008,9.066137388104167
jam,2009,9.326616809107792
jam,2010,9.594376636641254
jam,2011,9.86878356433753
jam,2012,10.148438244577669
jam,2013,10.431854752407734
jam,2014,10.717705783901714
jam,2015,11.004092460662765
jam,2016,11.28800701321914
jam,2017,11.565779960725534
jam,2018,11.834225287053858
jam,2019,12.091793921093265
jam,2020,12.339099760229729
jam,2021,12.578588786716049
jam,2022,12.813817930125262
jor,2004,23.80542343181082
jor,2005,25.528559668086054
jor,2006,27.624656858967885
jor,2007,29.973222061940373
jor,2008,32.299101142626135
jor,2009,34.41389570914047
jor,2010,36.25351731063283
jor,2011,37.76690663794711
jor,2012,38.87893829643333
jor,2013,39.630258676362175
jor,2014,40.198762654578225
jor,2015,40.72577137336812
jor,2016,41.19754074071007
jor,2017,41.57341037371503
jor,2018,41.78920756566774
jor,2019,41.863430534710524
jor,2020,41.820404087073555
jor,2021,41.79414551522653
jor,2022,41.84492044616253
jpn,2004,2906.3251710108284
jpn,2005,2939.6758712565265
jpn,2006,2970.537557283984
jpn,2007,2999.8038326195624
jpn,2008,3027.8990524035116
jpn,2009,3052.1959784574124
jpn,2010,3071.2735835803014
jpn,2011,3080.990926316025
jpn,2012,3080.77646233049
jpn,2013,3070.036965472291
jpn,2014,3050.485996961656
jpn,2015,3028.107054990802
jpn,2016,3003.6003152305475
jpn,2017,2973.140262664175
jpn,2018,2936.3178926678434
jpn,2019,2897.7121879552105
jpn,2020,2862.399718269444
jpn,2021,2830.9172772443267
jpn,2022,2799.4368341051068
kaz,2004,7.575434944618576
kaz,2005,7.668030420175072
kaz,2006,8.16092214948622
kaz,2007,9.02933730683822
kaz,2008,10.245780172261002
kaz,2009,11.797076111606177
kaz,2010,13.684061378729819
kaz,2011,15.94017757623032
kaz,2012,18.605159897985125
kaz,2013,21.735344602017822
kaz,2014,25.354679516616205
kaz,2015,29.26509327460764
kaz,2016,33.03069170989742
kaz,2017,35.963869831410456
kaz,2018,37.30777701566764
kaz,2019,37.182457373969
kaz,2020,36.342634158850046
kaz,2021,35.544194588693955
kaz,2022,35.11697993210326
ken,2004,390.1340477384417
ken,2005,378.710046050173
ken,2006,366.78321677296856
ken,2007,356.55547442111083
ken,2008,349.6617578015686
ken,2009,345.4181406982415
ken,2010,341.55534510933205
ken,2011,338.0742721458142
ken,2012,334.1445662176273
ken,2013,330.86761854266297
ken,2014,328.4498917795628
ken,2015,327.1376441448252
ken,2016,326.8050192973963
ken,2017,325.96979574480423
ken,2018,324.35864236341246
ken,2019,321.8320050373211
ken,2020,319.0536222067278
ken,2021,316.5718458401318
ken,2022,314.91889468150833
kgz,2004,0.10722440593215837
kgz,2005,0.12371193588949254
kgz,2006,0.15469580185936382
kgz,2007,0.20438279504208842
kgz,2008,0.2784004550837585
kgz,2009,0.3828278954755576
kgz,2010,0.5133322474894968
kgz,2011,0.6473461299131824
kgz,2012,0.7699012729016617
kgz,2013,0.8755522550188785
kgz,2014,0.9618377538507026
kgz,2015,1.0185223373089907
kgz,2016,1.0421789065722324
kgz,2017,1.0405075253463043
kgz,2018,1.0335507230599668
kgz,2019,1.0368154609745568
kgz,2020,1.044504311990616
kgz,2021,1.0400742295113143
kgz,2022,1.020886970493574
khm,2004,4.842003226471224
khm,2005,7.039666855592269
khm,2006,9.278303716182748
khm,2007,11.329623531859742
khm,2008,13.040614279674724
khm,2009,14.364788702750408
khm,2010,15.385963022636695
khm,2011,16.305148705062702
khm,2012,17.322942893558523
khm,2013,18.55301386159138
khm,2014,20.007873542878137
khm,2015,21.67289024920574
khm,2016,23.39756023940658
khm,2017,25.160684461504566
khm,2018,26.818365768757683
khm,2019,28.219462302987044
khm,2020,29.351329556955402
khm,2021,30.24123206829611
khm,2022,30.95221344067391
kor,2004,552.2403318774222
kor,2005,574.126619269096
kor,2006,593.0080370464702
kor,2007,609.2280695148016
kor,2008,626.0710905868448
kor,2009,646.7379687853149
kor,2010,675.7376311151463
kor,2011,714.2686996014431
kor,2012,761.0315611048705
kor,2013,811.8989722906524
kor,2014,863.628737953882
kor,2015,914.5966592678174
kor,2016,962.8978872892736
kor,2017,1005.9011295973723
kor,2018,1043.1050750018273
kor,2019,1076.4399884793884
kor,2020,1108.845714070952
kor,2021,1142.7725655573618
kor,2022,1180.5980168694748
kwt,2004,3.7972494220978534
kwt,2005,3.846751345432458
kwt,2006,3.896898588613466
kwt,2007,3.9476995641969186
kwt,2008,3.9991627944071073
kwt,2009,4.051296912566239
kwt,2010,4.104110664542736
kwt,2011,4.15761291021842
kwt,2012,4.211812624974817
kwt,2013,4.266718901198842
kwt,2014,4.322340949808114
kwt,2015,4.378688101796148
kwt,2016,4.459776478404737
kwt,2017,4.706652583127052
kwt,2018,5.225102522151272
kwt,2019,5.971103684568689
kwt,2020,6.806492425153774
kwt,2021,7.60455425985088
kwt,2022,8.28883274927325
lao,2004,31.46376428803221
lao,2005,31.655084229928516
lao,2006,31.31962248603925
lao,2007,30.648863179871213
lao,2008,29.709689918412053
lao,2009,28.595780927965468
lao,2010,27.564023083145095
lao,2011,26.736169994830107
lao,2012,25.99710234699061
lao,2013,25.17885379355596
lao,2014,24.239399230224613
lao,2015,23.31409107373296
lao,2016,22.692512945772723
lao,2017,22.575546149880232
lao,2018,22.689647119133472
lao,2019,22.877408437016083
lao,2020,23.000958378910042
lao,2021,23.120609372751414
lao,2022,23.25413168776656
lka,2004,94.53643005654254
lka,2005,94.65244357687529
lka,2006,93.72023449360057
lka,2007,92.54536199314012
lka,2008,91.75264382709797
lka,2009,91.42361969794251
lka,2010,91.24651406302155
lka,2011,90.806229460196775
lka,2012,89.90031466429745
lka,2013,88.723586972971
lka,2014,87.60001971915449
lka,2015,86.94994188014346
lka,2016,87.2140854852029
lka,2017,88.89311808433975
lka,2018,91.97257102881241
lka,2019,96.14392764810785
lka,2020,100.81294381950869
lka,2021,105.55625883160751
lka,2022,110.03164582729235
ltu,2004,17.769071022082176
ltu,2005,19.24960755289988
ltu,2006,21.211978303473995
ltu,2007,23.738321557688685
ltu,2008,26.77632112681467
ltu,2009,29.919963318999066
ltu,2010,32.335466482762705
ltu,2011,33.25034070128989
ltu,2012,32.78809203501599
ltu,2013,32.152018611835885
ltu,2014,32.014590850494315
ltu,2015,32.69367240796755
ltu,2016,34.08657274517331
ltu,2017,35.237139680758695
ltu,2018,35.49465863035044
ltu,2019,35.27181155897069
ltu,2020,35.44511662573322
ltu,2021,36.50911693016435
ltu,2022,38.44908594498774
lux,2004,0.18691159312858027
lux,2005,0.21217510416919552
lux,2006,0.24126982829350763
lux,2007,0.2776323315645259
lux,2008,0.32473289387520743
lux,2009,0.3838804467048256
lux,2010,0.45475379897578855
lux,2011,0.5392460226583355
lux,2012,0.6435077920727597
lux,2013,0.7726073578037851
lux,2014,0.9262108599473592
lux,2015,1.096675598406388
lux,2016,1.2720555397935847
lux,2017,1.4370698193063152
lux,2018,1.5746336584561418
lux,2019,1.669387417396863
lux,2020,1.711256494863276
lux,2021,1.6973629813752253
lux,2022,1.6320609355497186
lva,2004,10.700338310696434
lva,2005,10.912436665255589
lva,2006,11.732733862462618
lva,2007,13.612212870582958
lva,2008,16.614251544456675
lva,2009,19.96831612410524
lva,2010,22.26686308927515
lva,2011,23.404803929835996
lva,2012,24.107284754694163
lva,2013,25.09348957208567
lva,2014,26.421489668012914
lva,2015,27.79782817333959
lva,2016,29.190097897119927
lva,2017,30.865896217358035
lva,2018,32.59470043868718
lva,2019,34.13508415782392
lva,2020,35.31226557219935
lva,2021,36.376973023234406
lva,2022,37.3957204435985
mar,2004,52.80816745163583
mar,2005,55.558530101832446
mar,2006,59.540101713322855
mar,2007,64.69495366459243
mar,2008,70.92406591384184
mar,2009,78.23461663500893
mar,2010,86.55707367621137
mar,2011,95.49806154658349
mar,2012,104.3135688721823
mar,2013,112.38259727867562
mar,2014,119.33607417340674
mar,2015,124.56514300909686
mar,2016,127.9755330167062
mar,2017,130.08015225228024
mar,2018,131.90930609369966
mar,2019,134.45834943508368
mar,2020,137.95379681676076
mar,2021,141.9627112561001
mar,2022,146.132926001861
mdg,2004,24.865162981414535
mdg,2005,24.604447936411944
mdg,2006,24.156707307412866
mdg,2007,23.51878747076923
mdg,2008,22.675481576880543
mdg,2009,21.646479537336194
mdg,2010,20.50163086637169
mdg,2011,19.40741188060793
mdg,2012,18.34921851470839
mdg,2013,17.35101695094713
mdg,2014,16.47890572553078
mdg,2015,15.647201385801734
mdg,2016,14.89448691434837
mdg,2017,14.217522043523141
mdg,2018,13.558345084711659
mdg,2019,12.942872364724055
mdg,2020,12.37828409821726
mdg,2021,11.877209655785052
mdg,2022,11.440017947750674
mex,2004,436.149597408652
mex,2005,446.24625947335664
mex,2006,456.15535433295594
mex,2007,466.73421573330296
mex,2008,478.9625405075085
mex,2009,492.3793997767651
mex,2010,507.03336696734385
mex,2011,522.9543982898313
mex,2012,540.2153632520365
mex,2013,558.8885108419971
mex,2014,578.9273561599283
mex,2015,600.0601746812016
mex,2016,621.7686485447448
mex,2017,643.3527441796305
mex,2018,663.8601552201853
mex,2019,683.1251471462988
mex,2020,699.584159579484
mex,2021,712.7983896527589
mex,2022,720.7397596178672
mlt,2004,0.6278009515905272
mlt,2005,0.8722083850199382
mlt,2006,1.0066965383071358
mlt,2007,1.0971745107679123
mlt,2008,1.155229621610414
mlt,2009,1.2219227185985544
mlt,2010,1.3335033532400773
mlt,2011,1.4576028348931809
mlt,2012,1.5689876592016443
mlt,2013,1.7908963364824797
mlt,2014,2.461107474435177
mlt,2015,3.273604625631193
mlt,2016,3.918452741254713
mlt,2017,4.144810628427146
mlt,2018,3.9047835077861768
mlt,2019,3.3959616353549023
mlt,2020,2.844752023982995
mlt,2021,2.3746267390188947
mlt,2022,2.0397493435453615
mng,2004,0
mng,2005,0
mng,2006,0
mng,2007,0
mng,2008,0
mng,2009,0
mng,2010,0
mng,2011,0
mng,2012,0
mng,2013,0.03475628921497882
mng,2014,0.31272693867656154
mng,2015,1.0127169468648904
mng,2016,2.094087750852006
mng,2017,3.3468401790331237
mng,2018,4.506160663004091
mng,2019,5.3741299029456915
mng,2020,5.889336041953574
mng,2021,6.1037209296162676
mng,2022,6.117291219791574
moz,2004,16.396861924783106
moz,2005,16.217022286233497
moz,2006,16.14430312442136
moz,2007,16.233561933201248
moz,2008,16.408673377151974
moz,2009,16.58993125622187
moz,2010,16.827810746343488
moz,2011,17.22727855915899
moz,2012,17.804782441581796
moz,2013,18.544998858666496
moz,2014,19.384019947810256
moz,2015,20.342034529503298
moz,2016,21.527233714086638
moz,2017,22.937930170821975
moz,2018,24.40540005526099
moz,2019,25.714134052049086
moz,2020,26.707577152069433
moz,2021,27.30310221505072
moz,2022,27.54429767963916
mrt,2004,9.404622008000382
mrt,2005,11.47924376531077
mrt,2006,13.6027775951101
mrt,2007,15.514374691958341
mrt,2008,17.126689968098994
mrt,2009,18.2395094318573
mrt,2010,18.745045897292655
mrt,2011,18.71447553984378
mrt,2012,18.277489392260375
mrt,2013,17.569964522227416
mrt,2014,16.751769980867003
mrt,2015,16.027332038209675
mrt,2016,15.600720555040455
mrt,2017,15.545338598055116
mrt,2018,15.76169651051402
mrt,2019,16.239935272986447
mrt,2020,16.853913190465214
mrt,2021,17.502181519232312
mrt,2022,18.02838717134034
mus,2004,27.85815174970555
mus,2005,29.442481299040637
mus,2006,30.810928499818477
mus,2007,31.774081598904672
mus,2008,32.210489577944834
mus,2009,32.13602092027147
mus,2010,31.800917891716523
mus,2011,31.575502047281283
mus,2012,31.61841342097181
mus,2013,31.95846747246791
mus,2014,32.59347127354859
mus,2015,33.4138576224589
mus,2016,34.34280511305519
mus,2017,35.292559796508705
mus,2018,36.240785199216496
mus,2019,37.22946956063916
mus,2020,38.27152937482957
mus,2021,39.37259946468972
mus,2022,40.516147417172256
mwi,2004,25.646585541030117
mwi,2005,24.63142576911774
mwi,2006,23.322569458381917
mwi,2007,21.93475017534406
mwi,2008,20.638617741192217
mwi,2009,19.583494552015186
mwi,2010,18.959282966490772
mwi,2011,18.957435929730178
mwi,2012,19.61967713443986
mwi,2013,20.836304866481306
mwi,2014,22.3075620461521
mwi,2015,23.660412906246247
mwi,2016,24.633295249240884
mwi,2017,25.152443825324163
mwi,2018,25.380474494030537
mwi,2019,25.42138997389952
mwi,2020,25.410204386981896
mwi,2021,25.485138734761716
mwi,2022,25.732357716559942
mys,2004,482.63902305004177
mys,2005,512.4799826349058
mys,2006,542.2134674895495
mys,2007,566.6880048775698
mys,2008,582.8744976406051
mys,2009,591.1217330360671
mys,2010,594.7383184310983
mys,2011,596.3564631275252
mys,2012,597.0410036155213
mys,2013,597.9102222087746
mys,2014,601.1596124814172
mys,2015,606.6108593571721
mys,2016,613.6646735105976
mys,2017,620.532414514055
mys,2018,625.1218970630074
mys,2019,627.5172170412419
mys,2020,627.73959036775625
mys,2021,627.5297042332088
mys,2022,629.054329789745
nam,2004,33.840325536135566
nam,2005,35.504726162700905
nam,2006,37.13930821793101
nam,2007,38.766022556639875
nam,2008,39.92086300575648
nam,2009,40.40422342227725
nam,2010,40.2330979855057
nam,2011,39.54844213250333
nam,2012,38.67180551986733
nam,2013,37.819114695667565
nam,2014,37.08761693532941
nam,2015,36.70224994771727
nam,2016,36.795492852486376
nam,2017,37.30227340163839
nam,2018,38.0925419638464
nam,2019,39.05881504882426
nam,2020,40.10784239399808
nam,2021,41.03184878348855
nam,2022,42.0603205234449
nga,2004,261.0497002705088
nga,2005,314.9756642908505
nga,2006,371.17437862032676
nga,2007,424.5898876637744
nga,2008,474.6695629943048
nga,2009,524.3074685218777
nga,2010,570.9240635092614
nga,2011,607.3069578578288
nga,2012,630.1442292205553
nga,2013,640.5659675113467
nga,2014,641.4992731752561
nga,2015,637.623830012185
nga,2016,633.4638591024182
nga,2017,631.9123163567943
nga,2018,633.7820528497898
nga,2019,639.4858495998169
nga,2020,645.856392080561
nga,2021,650.7447974693828
nga,2022,655.3547567736965
nic,2004,7.279795328624686
nic,2005,7.027208858975777
nic,2006,6.744647591303741
nic,2007,6.444111044753974
nic,2008,6.193668920601567
nic,2009,6.072481883130862
nic,2010,6.14181185953905
nic,2011,6.4387530827566914
nic,2012,6.982180086867763
nic,2013,7.771948767464143
nic,2014,8.741559177750528
nic,2015,9.744101359535701
nic,2016,10.613152315762587
nic,2017,11.233049008016142
nic,2018,11.563319239004773
nic,2019,11.631146724579926
nic,2020,11.541595434910715
nic,2021,11.472790328492009
nic,2022,11.647904299772284
nld,2004,513.2717144264398
nld,2005,516.9283687925168
nld,2006,520.8186240333384
nld,2007,525.225292335394
nld,2008,530.1919171905934
nld,2009,535.7041804464936
nld,2010,541.3706577576888
nld,2011,546.6872991510305
nld,2012,551.2358849473904
nld,2013,555.1157260511262
nld,2014,558.9505873542722
nld,2015,563.2813404177182
nld,2016,568.5962187235506
nld,2017,574.9396123008822
nld,2018,581.8998439319458
nld,2019,588.9241115519094
nld,2020,595.5599814216429
nld,2021,601.533591972583
nld,2022,606.9354303165259
nor,2004,173.53786842027478
nor,2005,176.45073989069107
nor,2006,179.24787352008966
nor,2007,182.03780909941094
nor,2008,184.89916567398026
nor,2009,187.8815685921383
nor,2010,190.9681838563378
nor,2011,193.97055570465795
nor,2012,196.58477901670057
nor,2013,198.57945448614095
nor,2014,199.77603173319875
nor,2015,200.06725563449623
nor,2016,199.54221718832392
nor,2017,198.44556304192295
nor,2018,197.1798663514879
nor,2019,196.29099473976748
nor,2020,196.35252429978428
nor,2021,197.71740189227418
nor,2022,200.51683631902253
npl,2004,48.385754000117956
npl,2005,50.67115654642614
npl,2006,51.53705857330993
npl,2007,51.13936308645675
npl,2008,50.05883749984496
npl,2009,49.03618419628237
npl,2010,48.570271154000984
npl,2011,48.714069552538305
npl,2012,49.433339609648314
npl,2013,50.73020055832246
npl,2014,52.582920309654085
npl,2015,55.337553735015796
npl,2016,59.38938250302949
npl,2017,64.58037459446858
npl,2018,70.53058075663343
npl,2019,76.61963644531303
npl,2020,82.23546770293596
npl,2021,87.1045719939812
npl,2022,91.17981514242192
nzl,2004,214.29968392284303
nzl,2005,221.92853518564442
nzl,2006,229.6832343387684
nzl,2007,237.3292862022493
nzl,2008,244.68642305903117
nzl,2009,251.59515071753364
nzl,2010,258.023350769193
nzl,2011,264.04768720812484
nzl,2012,269.78880210764726
nzl,2013,275.31878468655947
nzl,2014,280.6384699284256
nzl,2015,285.69900073046216
nzl,2016,290.4888786066435
nzl,2017,294.90071833534984
nzl,2018,298.8629713670879
nzl,2019,302.36028612035517
nzl,2020,305.3755222939699
nzl,2021,307.955166496363
nzl,2022,310.15988988772244
omn,2004,30.360573527861924
omn,2005,32.40379002144421
omn,2006,34.58451161307135
omn,2007,36.911992168913535
omn,2008,39.36464204090679
omn,2009,41.8259201027086
omn,2010,44.480927937387975
omn,2011,47.496130483221535
omn,2012,50.88553888416884
omn,2013,54.72207693311793
omn,2014,58.84509046768852
omn,2015,63.422689722062735
omn,2016,68.20291754602373
omn,2017,72.52653159944987
omn,2018,75.7273781488087
omn,2019,77.2107602948724
omn,2020,76.86669621211507
omn,2021,75.20245284669387
omn,2022,72.88786751912359
pak,2004,228.75083585612876
pak,2005,224.3909093743366
pak,2006,223.5067973671736
pak,2007,226.0523757295403
pak,2008,232.0296753733041
pak,2009,241.17914543285613
pak,2010,252.36931249235013
pak,2011,263.2263433283692
pak,2012,272.81412140539567
pak,2013,281.5219306879173
pak,2014,291.4765493899369
pak,2015,304.6726670492755
pak,2016,321.10470092965824
pak,2017,339.6841470486428
pak,2018,359.2344965692246
pak,2019,376.7097539634782
pak,2020,389.2667205043775
pak,2021,396.1942368452037
pak,2022,398.8492451832457
pan,2004,18.251908200414565
pan,2005,18.17274995531264
pan,2006,18.103731614705875
pan,2007,18.071288773252732
pan,2008,18.06121202072025
pan,2009,18.113529968793628
pan,2010,18.232871003370324
pan,2011,18.506572119252468
pan,2012,18.957418615859375
pan,2013,19.640050646708346
pan,2014,20.576468560565864
pan,2015,21.75628465158675
pan,2016,23.137012008558855
pan,2017,24.647004547436133
pan,2018,26.208834606398618
pan,2019,27.759091622920536
pan,2020,29.213771702229625
pan,2021,30.54878912345871
pan,2022,31.75883781671122
per,2004,61.01180069456847
per,2005,61.41148194699523
per,2006,61.68376450669894
per,2007,61.694936854182544
per,2008,61.728727611252616
per,2009,61.72593425331179
per,2010,61.6293642308835
per,2011,61.541147598427315
per,2012,61.48347188165807
per,2013,61.496114058674316
per,2014,61.62273406269878
per,2015,61.889756154082306
per,2016,62.29801221966393
per,2017,62.84441502075573
per,2018,63.58064495045529
per,2019,64.67707690734827
per,2020,66.43151114164324
per,2021,69.18999840301238
per,2022,73.2091675301309
phl,2004,40.02785103295907
phl,2005,41.41802687381327
phl,2006,43.34773190912947
phl,2007,45.98109316872748
phl,2008,49.40077135811009
phl,2009,53.624409161825334
phl,2010,58.646470380452676
phl,2011,64.0326885247667
phl,2012,69.15685546208374
phl,2013,74.32298979814608
phl,2014,81.06622876342156
phl,2015,90.51770856422353
phl,2016,102.56196913593337
phl,2017,116.17367767234475
phl,2018,130.04151750864295
phl,2019,143.07419656980767
phl,2020,154.4917927822579
phl,2021,163.97652961545037
phl,2022,171.6518282716099
pol,2004,334.60095128070697
pol,2005,334.04540688677116
pol,2006,335.95206279288857
pol,2007,341.4433858534335
pol,2008,346.865022954254
pol,2009,351.9255624328766
pol,2010,358.2321418959307
pol,2011,367.6701371461731
pol,2012,378.73084059785094
pol,2013,387.12054985494393
pol,2014,390.8936427836082
pol,2015,391.62106586779885
pol,2016,385.0399832201593
pol,2017,371.42234486039723
pol,2018,356.64263307489375
pol,2019,346.31886404728925
pol,2020,345.33054283481266
pol,2021,355.93362664481526
pol,2022,374.3723896874727
pri,2004,36.48763912827305
pri,2005,35.419836460209794
pri,2006,34.28387750362224
pri,2007,33.06303895750139
pri,2008,31.830483090715273
pri,2009,30.603711120499664
pri,2010,29.4136407683681
pri,2011,28.30716770327708
pri,2012,27.295595111747247
pri,2013,26.374604538290985
pri,2014,25.510655175860894
pri,2015,24.649532541419774
pri,2016,23.787207780088693
pri,2017,22.880480587870778
pri,2018,21.945522821435265
pri,2019,20.986444357855426
pri,2020,20.06836097927204
pri,2021,19.22457326079844
pri,2022,18.512828294293037
prt,2004,139.87423817822196
prt,2005,146.88207558671874
prt,2006,153.56073443997258
prt,2007,159.63313518345842
prt,2008,164.92501956682403
prt,2009,169.19880287952225
prt,2010,172.37438495124798
prt,2011,174.36575420591276
prt,2012,175.195581892104
prt,2013,174.91311108122025
prt,2014,173.65392637856826
prt,2015,171.4982458195612
prt,2016,168.49806035948396
prt,2017,164.5970240817318
prt,2018,159.8102352906726
prt,2019,154.2176607079337
prt,2020,147.9588966092803
prt,2021,141.161542360704
prt,2022,134.25973118871647
pry,2004,19.742511028466442
pry,2005,20.49653632148153
pry,2006,21.037802202083228
pry,2007,21.243958861161506
pry,2008,21.16220132673751
pry,2009,20.806993998566522
pry,2010,20.240017673614403
pry,2011,19.487931799681274
pry,2012,18.63767588215179
pry,2013,17.771085505908797
pry,2014,16.971646834366666
pry,2015,16.319528521582498
pry,2016,15.914669745577358
pry,2017,15.795376438435412
pry,2018,16.007056784427593
pry,2019,16.597303739460163
pry,2020,17.50056509015692
pry,2021,18.682101456345528
pry,2022,20.090483163293538
qat,2004,9.71548160598385
qat,2005,10.315341859697735
qat,2006,10.952239116679074
qat,2007,11.628460142224515
qat,2008,12.34643289273854
qat,2009,13.10873523325639
qat,2010,13.91810419321059
qat,2011,14.777445793673648
qat,2012,15.689845481361449
qat,2013,16.633896910518178
qat,2014,17.446298840034974
qat,2015,17.883250148186555
qat,2016,17.822549387249204
qat,2017,17.317288154775685
qat,2018,16.48585677948344
qat,2019,15.432480888770929
qat,2020,14.279003778022208
qat,2021,13.17308465533551
qat,2022,12.216950045253766
rou,2004,14.15662280758048
rou,2005,13.672400978831108
rou,2006,16.060903545283914
rou,2007,22.443291891341545
rou,2008,32.936720106334604
rou,2009,46.41933651950646
rou,2010,58.93005649120016
rou,2011,68.86048795039284
rou,2012,77.00639740895328
rou,2013,84.01396962543407
rou,2014,90.70567301773805
rou,2015,97.26949799495361
rou,2016,103.72718086026957
rou,2017,109.85372277525454
rou,2018,114.87865920494282
rou,2019,118.45896588409254
rou,2020,121.44155374906398
rou,2021,124.94086607710707
rou,2022,128.95469539505706
rus,2004,296.2953733767718
rus,2005,327.2825163024188
rus,2006,359.343701135775
rus,2007,393.8945473005491
rus,2008,434.0598802638618
rus,2009,480.68293222922546
rus,2010,529.6125137345476
rus,2011,572.685560602658
rus,2012,603.0003003913369
rus,2013,619.1996265286633
rus,2014,629.4602493938032
rus,2015,641.626009801213
rus,2016,660.4021099617327
rus,2017,684.3957387504423
rus,2018,707.8115746241872
rus,2019,728.3654134968363
rus,2020,748.2213214733168
rus,2021,769.2385710499383
rus,2022,790.6996944371061
rwa,2004,11.505865808623353
rwa,2005,12.522992112423514
rwa,2006,13.608739491288706
rwa,2007,14.874649096803662
rwa,2008,16.19129330901184
rwa,2009,17.50544907145208
rwa,2010,18.81024091398869
rwa,2011,20.13760415831181
rwa,2012,21.559379169285585
rwa,2013,23.20439173876748
rwa,2014,25.152862682833277
rwa,2015,27.366586393731275
rwa,2016,29.492959435468418
rwa,2017,31.10674067999928
rwa,2018,32.03993205067318
rwa,2019,32.382737438967254
rwa,2020,32.34965946794232
rwa,2021,32.17355894060634
rwa,2022,32.025440664534905
sau,2004,186.92837775213158
sau,2005,185.9014231249631
sau,2006,183.60683988718202
sau,2007,179.84092516215225
sau,2008,174.7219570259031
sau,2009,168.59752802316422
sau,2010,162.3657376705754
sau,2011,156.906015961809
sau,2012,152.44555640443764
sau,2013,148.82249892808017
sau,2014,145.98601737040886
sau,2015,144.53070799487634
sau,2016,145.24519684274694
sau,2017,148.64680908591004
sau,2018,154.46797763378896
sau,2019,161.36116750330396
sau,2020,168.07198072671642
sau,2021,174.2380688032267
sau,2022,179.69896595110083
sen,2004,42.0280592446426
sen,2005,41.43992219349733
sen,2006,41.135807351410264
sen,2007,40.810642945838715
sen,2008,40.23811407940132
sen,2009,39.62734455454254
sen,2010,39.354639830205386
sen,2011,39.88687972983739
sen,2012,41.08534736466872
sen,2013,42.53302393131442
sen,2014,44.06603158615033
sen,2015,45.972035159199564
sen,2016,48.05759047621517
sen,2017,49.94217067988559
sen,2018,51.32972747066328
sen,2019,52.24311338005123
sen,2020,52.882767602834555
sen,2021,53.37370041024883
sen,2022,53.87206717132454
sgp,2004,26.031057608198562
sgp,2005,25.513139786668287
sgp,2006,24.020049016889345
sgp,2007,21.958333429146066
sgp,2008,19.712631980536354
sgp,2009,17.62652453630828
sgp,2010,15.999455585451237
sgp,2011,15.010075539677214
sgp,2012,14.730142250757385
sgp,2013,15.17557417289506
sgp,2014,16.497470152132063
sgp,2015,18.80806004847048
sgp,2016,21.943265084172364
sgp,2017,25.362398709738702
sgp,2018,28.82809088117623
sgp,2019,32.265470713827085
sgp,2020,35.6781001317774
sgp,2021,38.697193296884485
sgp,2022,40.914890049954316
slv,2004,14.025277503061883
slv,2005,13.551295209629036
slv,2006,13.043573116921529
slv,2007,12.49507979246261
slv,2008,11.933765838011189
slv,2009,11.357825304100269
slv,2010,10.77584846826018
slv,2011,10.188292132751544
slv,2012,9.591456130439767
slv,2013,8.976168012358812
slv,2014,8.333767528680324
slv,2015,7.661289771755024
slv,2016,6.963447837560873
slv,2017,6.257658096232929
slv,2018,5.57940391390367
slv,2019,4.982869652405106
slv,2020,4.5542282850043225
slv,2021,4.321074594558492
slv,2022,4.3306819676294825
stp,2004,0.40815741653675136
stp,2005,0.40843540552237345
stp,2006,0.40992457298232743
stp,2007,0.412208887107951
stp,2008,0.4152785505430311
stp,2009,0.41697435223569856
stp,2010,0.41556660611607144
stp,2011,0.4111669344860254
stp,2012,0.4055769788199331
stp,2013,0.40071506388104455
stp,2014,0.39840470672250505
stp,2015,0.3994437604078356
stp,2016,0.40402161322680435
stp,2017,0.4112994832990387
stp,2018,0.41978684308002656
stp,2019,0.4281336362610479
stp,2020,0.43595783201493193
stp,2021,0.4438411093805539
stp,2022,0.45173492869754156
svk,2004,18.58543989557549
svk,2005,18.66629602550522
svk,2006,19.370203206110684
svk,2007,20.95721573560845
svk,2008,23.5124561972278
svk,2009,26.525572855118348
svk,2010,29.14855120605569
svk,2011,31.762445179099572
svk,2012,34.892108360723974
svk,2013,38.280360986089235
svk,2014,40.73897841804599
svk,2015,44.61448389572335
svk,2016,53.058715907174495
svk,2017,63.10386764960318
svk,2018,70.53909327390082
svk,2019,73.77838573764193
svk,2020,73.5948273039447
svk,2021,71.21762555530607
svk,2022,68.14303040068651
svn,2004,33.971489559736476
svn,2005,31.804263450334446
svn,2006,30.54147398884754
svn,2007,30.30091407420329
svn,2008,30.554562374161897
svn,2009,29.888856695315
svn,2010,27.68529179083365
svn,2011,24.79671875240632
svn,2012,23.063690675508337
svn,2013,23.269396069342637
svn,2014,24.659914724119776
svn,2015,26.108022222526913
svn,2016,26.99286635843127
svn,2017,27.547084158243237
svn,2018,28.082513870539838
svn,2019,29.130225501495588
svn,2020,30.830663300775406
svn,2021,32.85230582097563
svn,2022,34.60653546257836
swe,2004,202.79867553194364
swe,2005,197.55629740092294
swe,2006,192.12212349224188
swe,2007,186.97416771482207
swe,2008,182.25809443863395
swe,2009,178.17211849363653
swe,2010,174.7972605999382
swe,2011,172.10692228252273
swe,2012,170.05233846805956
swe,2013,168.55481563233852
swe,2014,167.52077157132013
swe,2015,166.88939336965754
swe,2016,166.85202309385892
swe,2017,167.55225705657438
swe,2018,169.19496614949682
swe,2019,172.08840016934144
swe,2020,176.67766600260111
swe,2021,183.11717545408587
swe,2022,191.25689908447387
tgo,2004,13.63704749529127
tgo,2005,13.376667021522524
tgo,2006,13.040825159288698
tgo,2007,12.702153308268482
tgo,2008,12.378558709110909
tgo,2009,12.058383173859827
tgo,2010,11.660607651847133
tgo,2011,11.199826844690898
tgo,2012,10.73099881122967
tgo,2013,10.276484530963188
tgo,2014,9.792363783365685
tgo,2015,9.305740951303418
tgo,2016,8.840786694036913
tgo,2017,8.501469780629213
tgo,2018,8.263622472908036
tgo,2019,8.144577742750943
tgo,2020,8.125900816227873
tgo,2021,8.230565163274434
tgo,2022,8.475332485737434
tha,2004,591.1076528978198
tha,2005,597.2666035567274
tha,2006,599.684046721572
tha,2007,596.1521034955497
tha,2008,585.1923705889054
tha,2009,572.7828946707704
tha,2010,572.0523235725783
tha,2011,588.8024936169882
tha,2012,617.7528630803646
tha,2013,650.9909807085489
tha,2014,683.6390637402959
tha,2015,712.4541117546793
tha,2016,737.8243846856807
tha,2017,760.3053557701651
tha,2018,782.7385066409004
tha,2019,806.0657090971854
tha,2020,829.7632359359103
tha,2021,852.799758874719
tha,2022,874.4945653407519
tjk,2004,0
tjk,2005,0
tjk,2006,0
tjk,2007,0
tjk,2008,0
tjk,2009,0
tjk,2010,0
tjk,2011,0
tjk,2012,0
tjk,2013,0.0719411351095389
tjk,2014,0.5399050832925589
tjk,2015,1.5179455549165368
tjk,2016,2.781475196053776
tjk,2017,4.035857031593628
tjk,2018,5.0648057858523945
tjk,2019,5.846456916134997
tjk,2020,6.461150859795208
tjk,2021,6.989409582256768
tjk,2022,7.4810511574941945
tto,2004,13.320280804672816
tto,2005,13.724203368455655
tto,2006,14.148820505582485
tto,2007,14.58826027542163
tto,2008,15.04063000608081
tto,2009,15.498407995119605
tto,2010,15.940040786833164
tto,2011,16.323229948387095
tto,2012,16.590120550316858
tto,2013,16.683434269245527
tto,2014,16.564190632129993
tto,2015,16.223559873807876
tto,2016,15.68765246282974
tto,2017,15.016536772493827
tto,2018,14.296998541474387
tto,2019,13.62755050011901
tto,2020,13.096173749803176
tto,2021,12.755986668052344
tto,2022,12.60773456745297
tun,2004,68.49463270190772
tun,2005,71.33681326824731
tun,2006,73.54481248230111
tun,2007,74.87314581263017
tun,2008,75.24086059634027
tun,2009,74.67452861834926
tun,2010,73.3007712809076
tun,2011,71.36305551872766
tun,2012,69.2243417193438
tun,2013,67.24385699112051
tun,2014,65.64788249745723
tun,2015,64.52724169472351
tun,2016,63.88011190037074
tun,2017,63.600392459234556
tun,2018,63.59257528995026
tun,2019,63.911641495902444
tun,2020,64.5476417563104
tun,2021,65.40018430844492
tun,2022,66.33529556815236
tur,2004,237.0096859461511
tur,2005,233.19923648322367
tur,2006,231.79828582624012
tur,2007,231.3718344824932
tur,2008,232.4254273060812
tur,2009,239.58819653622868
tur,2010,258.88693168110495
tur,2011,290.7735314974117
tur,2012,331.38725504367653
tur,2013,377.3832684127518
tur,2014,424.2024067963971
tur,2015,467.6480835243701
tur,2016,506.61633996460336
tur,2017,542.3136283211207
tur,2018,575.8682983964494
tur,2019,606.5875704421177
tur,2020,633.3480662636962
tur,2021,655.314900741594
tur,2022,672.9217516216509
twn,2004,531.2526384570746
twn,2005,535.1170431623488
twn,2006,543.3156229615522
twn,2007,555.4267399037152
twn,2008,570.0668730473644
twn,2009,586.40868605035
twn,2010,603.7811837943568
twn,2011,621.05141872518
twn,2012,637.252359389017
twn,2013,650.2434486731732
twn,2014,658.3338913106622
twn,2015,660.7365474535487
twn,2016,657.9758491300777
twn,2017,651.1975807230925
twn,2018,641.8778405604816
twn,2019,631.1483247274639
twn,2020,620.7558944195495
twn,2021,612.5614056033793
twn,2022,607.1552086903675
tza,2004,37.520250941504365
tza,2005,39.83814532305694
tza,2006,42.0977309007513
tza,2007,44.174723675019244
tza,2008,46.68527050928194
tza,2009,50.317756457507095
tza,2010,55.24137140686972
tza,2011,61.231056653033434
tza,2012,67.50973735948007
tza,2013,73.02225368022248
tza,2014,76.76736281334306
tza,2015,79.04432398666468
tza,2016,79.51499438374198
tza,2017,78.51962096358825
tza,2018,76.3871533969317
tza,2019,73.70192619125132
tza,2020,71.0562495244914
tza,2021,68.86542999134838
tza,2022,67.06576543342821
uga,2004,49.21364493583279
uga,2005,56.16606603352642
uga,2006,64.78149076711576
uga,2007,73.89341145232838
uga,2008,82.83685544334968
uga,2009,91.47318555598977
uga,2010,98.78556685063754
uga,2011,103.92336997082639
uga,2012,106.83222696162788
uga,2013,108.30208201777086
uga,2014,109.51926234131416
uga,2015,111.71494210247383
uga,2016,115.4853064370735
uga,2017,119.61606383069551
uga,2018,122.29910364753405
uga,2019,122.7582620014785
uga,2020,121.6332093423363
uga,2021,119.74773116743667
uga,2022,117.88899642390687
ukr,2004,0
ukr,2005,0
ukr,2006,0
ukr,2007,0
ukr,2008,0
ukr,2009,0
ukr,2010,0
ukr,2011,0
ukr,2012,0
ukr,2013,2.2808668106381633
ukr,2014,16.571535365727843
ukr,2015,43.714684627982976
ukr,2016,73.99058473676645
ukr,2017,98.22127318772775
ukr,2018,113.59290808337057
ukr,2019,121.59000466794073
ukr,2020,123.6410246053603
ukr,2021,121.89466465956151
ukr,2022,118.27022996696729
ury,2004,47.08664000630654
ury,2005,49.26889888418491
ury,2006,50.98391621258751
ury,2007,52.24975792252363
ury,2008,53.169505208101675
ury,2009,53.94207328975996
ury,2010,54.77037978542519
ury,2011,55.77995246700682
ury,2012,57.068354874095064
ury,2013,58.633337952187546
ury,2014,60.42232910213811
ury,2015,62.31374178246108
ury,2016,64.2327398824887
ury,2017,66.10526926974664
ury,2018,67.82180648470263
ury,2019,69.4868583318707
ury,2020,71.08847124376504
ury,2021,72.64304712165811
ury,2022,74.13875627802821
usa,2004,3180.237811631195
usa,2005,3263.411669921359
usa,2006,3346.915202422883
usa,2007,3430.8020573115537
usa,2008,3514.826894825122
usa,2009,3599.2200771322623
usa,2010,3684.0601467961396
usa,2011,3770.1782149016035
usa,2012,3857.520242742497
usa,2013,3946.3861500820863
usa,2014,4037.236149353817
usa,2015,4130.166529489861
usa,2016,4224.958584021354
usa,2017,4321.648042632242
usa,2018,4420.500829537193
usa,2019,4520.148910615322
usa,2020,4620.0093825185495
usa,2021,4718.681821382907
usa,2022,4814.67004390685
ven,2004,149.66464653049934
ven,2005,144.37674838562012
ven,2006,138.37982757686675
ven,2007,132.13240733636346
ven,2008,125.87137279360776
ven,2009,119.76006049653165
ven,2010,113.78121818306904
ven,2011,108.00514743885664
ven,2012,102.44742326427084
ven,2013,97.37405657813161
ven,2014,92.6462951709996
ven,2015,87.90245662226864
ven,2016,84.6037569009742
ven,2017,82.25273006403324
ven,2018,80.7729485361339
ven,2019,80.2015297045541
ven,2020,80.4681565219709
ven,2021,81.4057703677248
ven,2022,82.7722617355696
vnm,2004,105.85181881163497
vnm,2005,124.32291896022096
vnm,2006,143.0199710554068
vnm,2007,160.93828935717494
vnm,2008,177.2241912960838
vnm,2009,191.16334686989717
vnm,2010,202.3308835660652
vnm,2011,209.87890973862298
vnm,2012,212.88668590963533
vnm,2013,211.75851944605432
vnm,2014,207.91858966189574
vnm,2015,202.63295634215393
vnm,2016,197.15512801097375
vnm,2017,192.0177256960442
vnm,2018,188.63074230670964
vnm,2019,187.22512096793798
vnm,2020,187.86100284175672
vnm,2021,190.30522669785756
vnm,2022,194.02629873420352
xac,2004,16.321426204053942
xac,2005,17.274361579433307
xac,2006,18.282934606712466
xac,2007,19.350393720558564
xac,2008,20.480177017269416
xac,2009,21.675923328271324
xac,2010,22.952346829344098
xac,2011,24.380612833347218
xac,2012,26.005429534195247
xac,2013,27.699412199370055
xac,2014,29.45669898369994
xac,2015,31.359000554218447
xac,2016,33.34510672848065
xac,2017,35.16764086217052
xac,2018,36.58772790059291
xac,2019,37.525115614078295
xac,2020,38.04497089454236
xac,2021,38.30309798108063
xac,2022,38.455639218272516
xca,2004,1.4385114736548597
xca,2005,1.4489796563135093
xca,2006,1.46204553932742
xca,2007,1.4786626587108729
xca,2008,1.5004316871980972
xca,2009,1.5254143464689576
xca,2010,1.5476577389831208
xca,2011,1.5871795926871106
xca,2012,1.630166353270064
xca,2013,1.6766726464885229
xca,2014,1.725185957285025
xca,2015,1.7750937530645334
xca,2016,1.8210531687460256
xca,2017,1.8571678438073642
xca,2018,1.8866990526388037
xca,2019,1.9050636010354434
xca,2020,1.912408740621479
xca,2021,1.9112291038923932
xca,2022,1.9030579157773138
xcb,2004,88.8509462869708
xcb,2005,85.9143390754322
xcb,2006,83.04772755255247
xcb,2007,80.33054172218806
xcb,2008,77.89102048294691
xcb,2009,75.78288845222396
xcb,2010,73.99878168345515
xcb,2011,72.51775961692994
xcb,2012,71.25633516861967
xcb,2013,70.19984681588573
xcb,2014,69.30354763613109
xcb,2015,68.56152181879293
xcb,2016,67.95712508222248
xcb,2017,67.5114537196791
xcb,2018,67.22139612083949
xcb,2019,67.13377777587634
xcb,2020,67.25450853539712
xcb,2021,67.67913855063448
xcb,2022,68.48418310416986
xcf,2004,21.414991287803414
xcf,2005,21.328935675573078
xcf,2006,21.350898531632602
xcf,2007,21.505152351709995
xcf,2008,21.755402708586068
xcf,2009,22.15086923884127
xcf,2010,22.697804327162636
xcf,2011,23.39834857202473
xcf,2012,24.236722910208
xcf,2013,25.09770572133422
xcf,2014,25.809381194849735
xcf,2015,26.243356738025124
xcf,2016,26.324035390216437
xcf,2017,26.03270970583344
xcf,2018,25.451967099627502
xcf,2019,24.733014078812854
xcf,2020,24.016029420632236
xcf,2021,23.389945317739574
xcf,2022,22.896948615250192
xea,2004,0
xea,2005,0
xea,2006,0
xea,2007,0
xea,2008,0
xea,2009,0
xea,2010,0
xea,2011,0
xea,2012,0
xea,2013,0
xea,2014,0
xea,2015,0
xea,2016,0
xea,2017,0
xea,2018,0
xea,2019,0
xea,2020,0
xea,2021,0
xea,2022,0
xec,2004,99.41313608697176
xec,2005,99.8137280781116
xec,2006,101.47349685070475
xec,2007,103.33683697969549
xec,2008,105.6419444338467
xec,2009,107.97616989425494
xec,2010,110.29028481607055
xec,2011,112.01670761979209
xec,2012,112.0362712265454
xec,2013,109.9636513668447
xec,2014,105.84042226092963
xec,2015,100.67645583275029
xec,2016,95.28017051447077
xec,2017,90.68587275389251
xec,2018,86.95874844625428
xec,2019,84.32692917045631
xec,2020,82.73081356777578
xec,2021,81.75910888156317
xec,2022,80.77862558365777
xee,2004,0
xee,2005,0
xee,2006,0
xee,2007,0
xee,2008,0
xee,2009,0
xee,2010,0
xee,2011,0
xee,2012,0
xee,2013,0.14302704381686313
xee,2014,1.0567611568891142
xee,2015,2.886905295550213
xee,2016,5.138774380828676
xee,2017,7.299364239469032
xee,2018,9.045761852642231
xee,2019,10.353413773003101
xee,2020,11.318556810408284
xee,2021,11.994063615814248
xee,2022,12.472245562106963
xef,2004,24.10349998877155
xef,2005,25.50719795953222
xef,2006,26.914760324171443
xef,2007,28.282256574864515
xef,2008,29.57370496658715
xef,2009,30.756636618499773
xef,2010,31.79714682414621
xef,2011,32.671982840961874
xef,2012,33.33734209429923
xef,2013,33.712581879912214
xef,2014,33.69536541768362
xef,2015,33.20854111048726
xef,2016,32.23774385553706
xef,2017,30.81890576687675
xef,2018,29.041105619049574
xef,2019,27.029667986003435
xef,2020,24.91029799233672
xef,2021,22.79656886464423
xef,2022,20.77861828587864
xer,2004,0
xer,2005,0.030455225939304283
xer,2006,0.294422188257648
xer,2007,2.0744797353380378
xer,2008,10.371842965636487
xer,2009,27.811219187417684
xer,2010,49.077698974864525
xer,2011,64.79797922515098
xer,2012,70.68096536226736
xer,2013,69.04878065753124
xer,2014,64.62312259547124
xer,2015,61.069017102470674
xer,2016,60.59632020631477
xer,2017,64.06613231027201
xer,2018,70.55722837684682
xer,2019,78.23678511870963
xer,2020,84.93980847027711
xer,2021,91.06591569026871
xer,2022,97.58650219235642
xna,2004,0.7682886616488951
xna,2005,0.765846668395008
xna,2006,0.7636381638522866
xna,2007,0.7632122048577071
xna,2008,0.7639785829945454
xna,2009,0.7665224638308342
xna,2010,0.7711346795108615
xna,2011,0.7773842945651344
xna,2012,0.7837900792235348
xna,2013,0.7893304964326457
xna,2014,0.792212490533091
xna,2015,0.7908434004129175
xna,2016,0.7842263414058759
xna,2017,0.7720549979143041
xna,2018,0.7547404385741254
xna,2019,0.7332996457347398
xna,2020,0.7090879004490789
xna,2021,0.6836092393220701
xna,2022,0.6585128195904306
xnf,2004,113.62048730266447
xnf,2005,114.1595010454753
xnf,2006,114.70315829416853
xnf,2007,115.2514990517073
xnf,2008,115.80456366567304
xnf,2009,116.36239283123425
xnf,2010,116.90620579788086
xnf,2011,117.35885300386656
xnf,2012,117.85460728712565
xnf,2013,118.71666530013758
xnf,2014,120.2082385500753
xnf,2015,122.40242165729373
xnf,2016,125.2539005500038
xnf,2017,128.65596261283298
xnf,2018,132.4063367816693
xnf,2019,136.27694044661297
xnf,2020,140.09091291249524
xnf,2021,143.7331423020633
xnf,2022,147.0079073562601
xoc,2004,55.17437398449423
xoc,2005,54.57273694504625
xoc,2006,53.913700589758406
xoc,2007,53.16224609885784
xoc,2008,52.29161763410719
xoc,2009,51.36247263611803
xoc,2010,50.517565184746246
xoc,2011,49.87908903757034
xoc,2012,49.61903224677727
xoc,2013,49.83107832428081
xoc,2014,50.561352048405084
xoc,2015,51.778473781441924
xoc,2016,53.250451197979864
xoc,2017,54.76031571590697
xoc,2018,56.19637757829175
xoc,2019,57.48692211593682
xoc,2020,58.65914535486191
xoc,2021,59.703896954123344
xoc,2022,60.61996611058607
xsa,2004,8.526632947854466
xsa,2005,8.390563943283157
xsa,2006,8.267291567042761
xsa,2007,8.148849492607626
xsa,2008,8.05571786741402
xsa,2009,7.998634040478929
xsa,2010,7.983628416654801
xsa,2011,8.011204585089212
xsa,2012,8.084959288806445
xsa,2013,8.192938252463211
xsa,2014,8.322218849173947
xsa,2015,8.457513008739046
xsa,2016,8.580760096280207
xsa,2017,8.68754511449459
xsa,2018,8.78820005433101
xsa,2019,8.88113362422043
xsa,2020,8.977797416112875
xsa,2021,9.089846749826325
xsa,2022,9.2151406156544
xsc,2004,12.762807766079872
xsc,2005,12.385423861081513
xsc,2006,12.105986960009513
xsc,2007,11.892844948484015
xsc,2008,11.762325663178526
xsc,2009,11.704959416654333
xsc,2010,11.697159002780856
xsc,2011,11.687887153284729
xsc,2012,11.588358921276088
xsc,2013,11.321757365694586
xsc,2014,10.910827865707178
xsc,2015,10.452497347303613
xsc,2016,10.072840457439337
xsc,2017,9.815649942205788
xsc,2018,9.647262664423739
xsc,2019,9.518526690082107
xsc,2020,9.398494534911148
xsc,2021,9.282744440755126
xsc,2022,9.216481152388742
xse,2004,9.40455333261126
xse,2005,8.81392266269297
xse,2006,8.447046861764974
xse,2007,8.354670929287128
xse,2008,8.507816719576544
xse,2009,8.846191729335368
xse,2010,9.329156369032749
xse,2011,9.937326403496241
xse,2012,10.649854696389367
xse,2013,11.447726256971544
xse,2014,12.393521091686344
xse,2015,13.830797040931538
xse,2016,16.12059844520064
xse,2017,19.338352470533366
xse,2018,23.079899706272574
xse,2019,26.738846972171213
xse,2020,29.874438204813078
xse,2021,32.32097856064618
xse,2022,34.056730483973
xsm,2004,12.906977257305984
xsm,2005,12.93051066980152
xsm,2006,12.947450248100859
xsm,2007,12.949167185230493
xsm,2008,12.951267972762091
xsm,2009,12.95356487834933
xsm,2010,12.95356487834933
xsm,2011,12.95356487834933
xsm,2012,12.95356487834933
xsm,2013,12.95356487834933
xsm,2014,12.95356487834933
xsm,2015,12.95356487834933
xsm,2016,12.95356487834933
xsm,2017,12.95356487834933
xsm,2018,12.95356487834933
xsm,2019,12.95356487834933
xsm,2020,12.95356487834933
xsm,2021,12.95356487834933
xsm,2022,12.95356487834933
xsu,2004,4.257864849532924
xsu,2005,5.672064194670463
xsu,2006,6.575474255735471
xsu,2007,7.064837415967309
xsu,2008,7.343797909821939
xsu,2009,7.6863793423395785
xsu,2010,8.511944562849223
xsu,2011,9.823594992413563
xsu,2012,11.376398336319589
xsu,2013,13.012279278891059
xsu,2014,14.703722808947617
xsu,2015,16.492611327082738
xsu,2016,18.44540693201138
xsu,2017,20.5537948901145
xsu,2018,22.530837391810717
xsu,2019,23.962200313714686
xsu,2020,24.710029706344503
xsu,2021,24.959132625080585
xsu,2022,24.992043149491348
xtw,2004,0
xtw,2005,0
xtw,2006,0
xtw,2007,0
xtw,2008,0
xtw,2009,0
xtw,2010,0
xtw,2011,0
xtw,2012,0
xtw,2013,0
xtw,2014,0
xtw,2015,0
xtw,2016,0
xtw,2017,0
xtw,2018,0
xtw,2019,0
xtw,2020,0
xtw,2021,0
xtw,2022,0
xwf,2004,101.80733484496072
xwf,2005,99.01416956940176
xwf,2006,96.82792484417638
xwf,2007,94.8199007628786
xwf,2008,92.76584028754644
xwf,2009,90.71206608972592
xwf,2010,88.92380827781005
xwf,2011,87.88408799438764
xwf,2012,87.67819443640785
xwf,2013,88.04215565083705
xwf,2014,88.46096250696743
xwf,2015,89.06908038087249
xwf,2016,89.89895854934622
xwf,2017,91.56821728362631
xwf,2018,94.4687101584378
xwf,2019,98.22428624864085
xwf,2020,101.93875509464799
xwf,2021,105.2049387486465
xwf,2022,107.60504255709955
xws,2004,248.73135967758657
xws,2005,256.31303600613137
xws,2006,263.78764378687663
xws,2007,271.0337176639854
xws,2008,277.87004621059975
xws,2009,284.19802648103484
xws,2010,290.3268081217136
xws,2011,296.0268556601019
xws,2012,300.8266961000355
xws,2013,304.4384394948796
xws,2014,306.1031696630386
xws,2015,304.9920107190267
xws,2016,300.7372654912154
xws,2017,294.1291337129475
xws,2018,286.4085365525598
xws,2019,278.62661876508224
xws,2020,271.7593681058915
xws,2021,265.7649809633009
xws,2022,259.3256440985061
zaf,2004,318.14343319095514
zaf,2005,313.575922664038
zaf,2006,309.6271207858203
zaf,2007,308.1402309695836
zaf,2008,309.5064101347184
zaf,2009,313.31849870415505
zaf,2010,318.1206512009005
zaf,2011,322.7058735128233
zaf,2012,327.1562179072363
zaf,2013,333.0738797560797
zaf,2014,341.9271645141622
zaf,2015,353.87084215415217
zaf,2016,365.5532567079186
zaf,2017,372.3456275665668
zaf,2018,372.15145179438235
zaf,2019,365.19814008247556
zaf,2020,352.194912122623
zaf,2021,335.0972663005761
zaf,2022,316.06173896252716
zmb,2004,30.396684903277112
zmb,2005,27.51080944926844
zmb,2006,24.830624117419493
zmb,2007,22.280654440042714
zmb,2008,20.30163844534247
zmb,2009,18.761396135202265
zmb,2010,17.600300923450128
zmb,2011,16.801084772273622
zmb,2012,16.249965186245355
zmb,2013,16.069851629199555
zmb,2014,16.337854733195048
zmb,2015,16.958651042292725
zmb,2016,17.812370593704607
zmb,2017,18.82188523502842
zmb,2018,19.870964375397214
zmb,2019,20.784229496204677
zmb,2020,21.354059968774795
zmb,2021,21.52874264150085
zmb,2022,21.388251117048874
zwe,2004,52.60972222448335
zwe,2005,49.52300122240495
zwe,2006,47.44032558238153
zwe,2007,46.30086934200997
zwe,2008,45.660427286398104
zwe,2009,45.14163246925826
zwe,2010,44.34082873244181
zwe,2011,43.402651215459294
zwe,2012,43.19098768930087
zwe,2013,45.081930991970054
zwe,2014,50.1722207516677
zwe,2015,58.30334163101231
zwe,2016,68.18607155939986
zwe,2017,78.09327460889203
zwe,2018,86.03752228244478
zwe,2019,90.67689509055714
zwe,2020,91.78990283439214
zwe,2021,89.88887003547947
zwe,2022,85.89907950494933
